Genre,Kenmerk,Gemiddelde,Aantal
acoustic,danceability,0.549593,1000
acoustic,energy,0.43536810000000004,1000
acoustic,tempo,119.01062399999999,1000
acoustic,valence,0.42402300000000004,1000
afrobeat,danceability,0.6695800000000001,1000
afrobeat,energy,0.702812,1000
afrobeat,tempo,119.213337,1000
afrobeat,valence,0.6986192,1000
alt-rock,danceability,0.5344930000000001,1000
alt-rock,energy,0.754173,1000
alt-rock,tempo,124.63440399999999,1000
alt-rock,valence,0.5182603,1000
alternative,danceability,0.5599270000000001,1000
alternative,energy,0.72003,1000
alternative,tempo,122.232394,1000
alternative,valence,0.4955701,1000
ambient,danceability,0.3678668,1000
ambient,energy,0.23716178999999998,1000
ambient,tempo,111.113129,1000
ambient,valence,0.16749819999999999,1000
anime,danceability,0.5374514,1000
anime,energy,0.6741083,1000
anime,tempo,123.52961599999999,1000
anime,valence,0.4344631,1000
black-metal,danceability,0.29641090000000003,1000
black-metal,energy,0.8748973,1000
black-metal,tempo,128.601515,1000
black-metal,valence,0.1917364,1000
bluegrass,danceability,0.5346920000000001,1000
bluegrass,energy,0.5302796,1000
bluegrass,tempo,126.578805,1000
bluegrass,valence,0.6350927000000001,1000
blues,danceability,0.568567,1000
blues,energy,0.5818775,1000
blues,tempo,116.568352,1000
blues,valence,0.6040318,1000
brazil,danceability,0.562948,1000
brazil,energy,0.620721,1000
brazil,tempo,121.935644,1000
brazil,valence,0.46978960000000003,1000
breakbeat,danceability,0.6461939999999999,1000
breakbeat,energy,0.853275,1000
breakbeat,tempo,133.03021299999997,1000
breakbeat,valence,0.4747443,1000
british,danceability,0.5012758,1000
british,energy,0.50712697,1000
british,tempo,118.828617,1000
british,valence,0.4397141,1000
cantopop,danceability,0.547909,1000
cantopop,energy,0.4616962,1000
cantopop,tempo,124.27733500000001,1000
cantopop,valence,0.3935679,1000
chicago-house,danceability,0.7661760000000001,1000
chicago-house,energy,0.7332150000000001,1000
chicago-house,tempo,123.92268000000001,1000
chicago-house,valence,0.5865412,1000
children,danceability,0.716467,1000
children,energy,0.49464517999999996,1000
children,tempo,123.341201,1000
children,valence,0.6942874,1000
chill,danceability,0.664346,1000
chill,energy,0.42672289999999996,1000
chill,tempo,115.479376,1000
chill,valence,0.4037695,1000
classical,danceability,0.3819228,1000
classical,energy,0.189827326,1000
classical,tempo,107.949793,1000
classical,valence,0.38105,1000
club,danceability,0.6033541,1000
club,energy,0.7217338,1000
club,tempo,123.301328,1000
club,valence,0.3682132,1000
comedy,danceability,0.577195,1000
comedy,energy,0.699934,1000
comedy,tempo,100.995582,1000
comedy,valence,0.4548455,1000
country,danceability,0.555294,1000
country,energy,0.5968052,1000
country,tempo,123.963307,1000
country,valence,0.5214813,1000
dance,danceability,0.687856,1000
dance,energy,0.708583,1000
dance,tempo,120.128306,1000
dance,valence,0.5525414,1000
dancehall,danceability,0.734169,1000
dancehall,energy,0.6852619999999999,1000
dancehall,tempo,112.909984,1000
dancehall,valence,0.6290086,1000
death-metal,danceability,0.36841090000000004,1000
death-metal,energy,0.93147,1000
death-metal,tempo,123.779016,1000
death-metal,valence,0.2476111,1000
deep-house,danceability,0.710448,1000
deep-house,energy,0.741855,1000
deep-house,tempo,120.874904,1000
deep-house,valence,0.4472821,1000
detroit-techno,danceability,0.722568,1000
detroit-techno,energy,0.7105123999999999,1000
detroit-techno,tempo,126.59223399999999,1000
detroit-techno,valence,0.4692299,1000
disco,danceability,0.676692,1000
disco,energy,0.737565,1000
disco,tempo,121.97438000000001,1000
disco,valence,0.6707538,1000
disney,danceability,0.46287419999999996,1000
disney,energy,0.30251886,1000
disney,tempo,112.060854,1000
disney,valence,0.3685574,1000
drum-and-bass,danceability,0.535486,1000
drum-and-bass,energy,0.8766349999999999,1000
drum-and-bass,tempo,155.241712,1000
drum-and-bass,valence,0.32147390000000003,1000
dub,danceability,0.575321,1000
dub,energy,0.714817,1000
dub,tempo,129.450647,1000
dub,valence,0.3867285,1000
dubstep,danceability,0.518087,1000
dubstep,energy,0.758969,1000
dubstep,tempo,133.631709,1000
dubstep,valence,0.2717089,1000
edm,danceability,0.64822,1000
edm,energy,0.756196,1000
edm,tempo,122.037299,1000
edm,valence,0.4651983,1000
electro,danceability,0.651749,1000
electro,energy,0.665,1000
electro,tempo,120.83505899999999,1000
electro,valence,0.46674329999999997,1000
electronic,danceability,0.652945,1000
electronic,energy,0.6947523,1000
electronic,tempo,122.947839,1000
electronic,valence,0.39183890000000005,1000
emo,danceability,0.599321,1000
emo,energy,0.6699669202999999,1000
emo,tempo,126.992643,1000
emo,valence,0.441135,1000
folk,danceability,0.558514,1000
folk,energy,0.545807,1000
folk,tempo,118.469526,1000
folk,valence,0.4906028,1000
forro,danceability,0.6497759999999999,1000
forro,energy,0.789526,1000
forro,tempo,140.362197,1000
forro,valence,0.7606934,1000
french,danceability,0.6514675999999999,1000
french,energy,0.5949901999999999,1000
french,tempo,117.82008599999999,1000
french,valence,0.42993950000000003,1000
funk,danceability,0.678184,1000
funk,energy,0.632999,1000
funk,tempo,117.755823,1000
funk,valence,0.5996525,1000
garage,danceability,0.48426440000000004,1000
garage,energy,0.7443500000000001,1000
garage,tempo,127.048215,1000
garage,valence,0.5180332,1000
german,danceability,0.5243375,1000
german,energy,0.53171768,1000
german,tempo,117.503453,1000
german,valence,0.37907799999999997,1000
gospel,danceability,0.473298,1000
gospel,energy,0.5762564,1000
gospel,tempo,125.62512699999999,1000
gospel,valence,0.3206412,1000
goth,danceability,0.478875,1000
goth,energy,0.7409699202000001,1000
goth,tempo,124.267599,1000
goth,valence,0.443546,1000
grindcore,danceability,0.2718537,1000
grindcore,energy,0.924201,1000
grindcore,tempo,119.22991499999999,1000
grindcore,valence,0.2164336,1000
groove,danceability,0.5839099999999999,1000
groove,energy,0.7636218,1000
groove,tempo,123.739211,1000
groove,valence,0.42647250000000003,1000
grunge,danceability,0.457062,1000
grunge,energy,0.80329,1000
grunge,tempo,129.349208,1000
grunge,valence,0.400373,1000
guitar,danceability,0.5400374,1000
guitar,energy,0.3249991859,1000
guitar,tempo,112.00023900000001,1000
guitar,valence,0.4322858,1000
happy,danceability,0.552847,1000
happy,energy,0.910971,1000
happy,tempo,152.908962,1000
happy,valence,0.32746749999999997,1000
hard-rock,danceability,0.48225,1000
hard-rock,energy,0.7950389999999999,1000
hard-rock,tempo,125.381797,1000
hard-rock,valence,0.5143641,1000
hardcore,danceability,0.546411,1000
hardcore,energy,0.842453,1000
hardcore,tempo,125.376114,1000
hardcore,valence,0.4962738,1000
hardstyle,danceability,0.5392290000000001,1000
hardstyle,energy,0.901246,1000
hardstyle,tempo,146.83745199999998,1000
hardstyle,valence,0.3118884,1000
heavy-metal,danceability,0.42849970000000004,1000
heavy-metal,energy,0.8740030000000001,1000
heavy-metal,tempo,126.61390700000001,1000
heavy-metal,valence,0.3882028,1000
hip-hop,danceability,0.736154,1000
hip-hop,energy,0.68253,1000
hip-hop,tempo,116.769582,1000
hip-hop,valence,0.5512478,1000
honky-tonk,danceability,0.5712229999999999,1000
honky-tonk,energy,0.36695690000000003,1000
honky-tonk,tempo,116.556879,1000
honky-tonk,valence,0.631621,1000
house,danceability,0.668534,1000
house,energy,0.755083,1000
house,tempo,121.106951,1000
house,valence,0.4946745,1000
idm,danceability,0.5278375,1000
idm,energy,0.5553989500000001,1000
idm,tempo,123.29737700000001,1000
idm,valence,0.3025475,1000
indian,danceability,0.592273,1000
indian,energy,0.567121,1000
indian,tempo,116.142954,1000
indian,valence,0.463024,1000
indie,danceability,0.587272,1000
indie,energy,0.5561919000000001,1000
indie,tempo,119.093452,1000
indie,valence,0.4679571,1000
indie-pop,danceability,0.60437,1000
indie-pop,energy,0.5611395,1000
indie-pop,tempo,120.17900900000001,1000
indie-pop,valence,0.4606154,1000
industrial,danceability,0.530416,1000
industrial,energy,0.8617453,1000
industrial,tempo,126.831205,1000
industrial,valence,0.4248738,1000
iranian,danceability,0.30068599999999995,1000
iranian,energy,0.5458459026000001,1000
iranian,tempo,114.769364,1000
iranian,valence,0.15353640000000002,1000
j-dance,danceability,0.680557,1000
j-dance,energy,0.7037546,1000
j-dance,tempo,114.915894,1000
j-dance,valence,0.5643654,1000
j-idol,danceability,0.548819,1000
j-idol,energy,0.8686773,1000
j-idol,tempo,136.11200399999998,1000
j-idol,valence,0.5775307000000001,1000
j-pop,danceability,0.551678,1000
j-pop,energy,0.6796042,1000
j-pop,tempo,124.61311500000001,1000
j-pop,valence,0.5415591,1000
j-rock,danceability,0.509069,1000
j-rock,energy,0.7606839999999999,1000
j-rock,tempo,128.52244199999998,1000
j-rock,valence,0.5377491999999999,1000
jazz,danceability,0.5099750000000001,1000
jazz,energy,0.35295443,1000
jazz,tempo,112.63646899999999,1000
jazz,valence,0.490289,1000
k-pop,danceability,0.6478788788788788,999
k-pop,energy,0.6757467467467467,999
k-pop,tempo,119.2248028028028,999
k-pop,valence,0.5567379379379379,999
kids,danceability,0.778906,1000
kids,energy,0.6131286,1000
kids,tempo,121.750705,1000
kids,valence,0.6808638,1000
latin,danceability,0.721902,1000
latin,energy,0.7270800000000001,1000
latin,tempo,119.812273,1000
latin,valence,0.631149,1000
latino,danceability,0.757057,1000
latino,energy,0.7317965000000001,1000
latino,tempo,119.385197,1000
latino,valence,0.6302008,1000
malay,danceability,0.628617,1000
malay,energy,0.5783966,1000
malay,tempo,119.314765,1000
malay,valence,0.5015049,1000
mandopop,danceability,0.546532,1000
mandopop,energy,0.4984339,1000
mandopop,tempo,123.47590600000001,1000
mandopop,valence,0.35016430000000004,1000
metal,danceability,0.46428800000000003,1000
metal,energy,0.840273,1000
metal,tempo,127.907465,1000
metal,valence,0.4179356,1000
metalcore,danceability,0.4238,1000
metalcore,energy,0.914485,1000
metalcore,tempo,130.580195,1000
metalcore,valence,0.31490179999999995,1000
minimal-techno,danceability,0.729395,1000
minimal-techno,energy,0.6802720000000001,1000
minimal-techno,tempo,124.74797,1000
minimal-techno,valence,0.2836202,1000
mpb,danceability,0.5740879999999999,1000
mpb,energy,0.5797871706,1000
mpb,tempo,120.16105499999999,1000
mpb,valence,0.5564338,1000
new-age,danceability,0.3484546,1000
new-age,energy,0.21450062,1000
new-age,tempo,107.958746,1000
new-age,valence,0.1831672,1000
opera,danceability,0.31356310000000004,1000
opera,energy,0.31705399999999995,1000
opera,tempo,105.584558,1000
opera,valence,0.2152252,1000
pagode,danceability,0.577723,1000
pagode,energy,0.7121230000000001,1000
pagode,tempo,126.859308,1000
pagode,valence,0.687978,1000
party,danceability,0.667191,1000
party,energy,0.8712369999999999,1000
party,tempo,131.30032200000002,1000
party,valence,0.6812349000000001,1000
piano,danceability,0.4550983,1000
piano,energy,0.32010256400000003,1000
piano,tempo,118.08467399999999,1000
piano,valence,0.31326620000000005,1000
pop,danceability,0.630441,1000
pop,energy,0.606437,1000
pop,tempo,120.92707300000001,1000
pop,valence,0.5062227,1000
pop-film,danceability,0.597146,1000
pop-film,energy,0.6045619,1000
pop-film,tempo,117.257478,1000
pop-film,valence,0.5292532999999999,1000
power-pop,danceability,0.47341,1000
power-pop,energy,0.801688,1000
power-pop,tempo,134.651615,1000
power-pop,valence,0.6145689999999999,1000
progressive-house,danceability,0.6239349999999999,1000
progressive-house,energy,0.813359,1000
progressive-house,tempo,125.093636,1000
progressive-house,valence,0.36530009999999996,1000
psych-rock,danceability,0.502554,1000
psych-rock,energy,0.5615028,1000
psych-rock,tempo,121.572999,1000
psych-rock,valence,0.564732,1000
punk,danceability,0.499778,1000
punk,energy,0.809673,1000
punk,tempo,133.60051800000002,1000
punk,valence,0.5555907,1000
punk-rock,danceability,0.507329,1000
punk-rock,energy,0.80998,1000
punk-rock,tempo,132.219025,1000
punk-rock,valence,0.5669669,1000
r-n-b,danceability,0.614388,1000
r-n-b,energy,0.6381296706,1000
r-n-b,tempo,124.038939,1000
r-n-b,valence,0.6331639,1000
reggae,danceability,0.745331,1000
reggae,energy,0.7257910000000001,1000
reggae,tempo,119.867602,1000
reggae,valence,0.647529,1000
reggaeton,danceability,0.758521,1000
reggaeton,energy,0.7387279999999999,1000
reggaeton,tempo,118.872403,1000
reggaeton,valence,0.6427535,1000
rock,danceability,0.543609,1000
rock,energy,0.6790711,1000
rock,tempo,126.321238,1000
rock,valence,0.5389026,1000
rock-n-roll,danceability,0.5503020000000001,1000
rock-n-roll,energy,0.5266152,1000
rock-n-roll,tempo,120.390017,1000
rock-n-roll,valence,0.67049,1000
rockabilly,danceability,0.561202,1000
rockabilly,energy,0.6593719,1000
rockabilly,tempo,123.660635,1000
rockabilly,valence,0.726951,1000
romance,danceability,0.4321332,1000
romance,energy,0.2943038,1000
romance,tempo,109.693052,1000
romance,valence,0.3934147,1000
sad,danceability,0.692378,1000
sad,energy,0.4624701,1000
sad,tempo,119.06495,1000
sad,valence,0.4220495,1000
salsa,danceability,0.668288,1000
salsa,energy,0.724518,1000
salsa,tempo,119.91508900000001,1000
salsa,valence,0.814838,1000
samba,danceability,0.5748970000000001,1000
samba,energy,0.6726435000000001,1000
samba,tempo,118.122361,1000
samba,valence,0.6934091,1000
sertanejo,danceability,0.591647,1000
sertanejo,energy,0.710391,1000
sertanejo,tempo,127.052197,1000
sertanejo,valence,0.619325,1000
show-tunes,danceability,0.4637381,1000
show-tunes,energy,0.39874176,1000
show-tunes,tempo,114.372216,1000
show-tunes,valence,0.3788129,1000
singer-songwriter,danceability,0.562022,1000
singer-songwriter,energy,0.4341884,1000
singer-songwriter,tempo,119.737322,1000
singer-songwriter,valence,0.4142976,1000
ska,danceability,0.5806760000000001,1000
ska,energy,0.793134,1000
ska,tempo,128.338341,1000
ska,valence,0.69672,1000
sleep,danceability,0.1679225,1000
sleep,energy,0.34207171670000003,1000
sleep,tempo,84.619491,1000
sleep,valence,0.058187871,1000
songwriter,danceability,0.562022,1000
songwriter,energy,0.4341884,1000
songwriter,tempo,119.737322,1000
songwriter,valence,0.4142976,1000
soul,danceability,0.600112,1000
soul,energy,0.5338726,1000
soul,tempo,114.62916899999999,1000
soul,valence,0.5233104,1000
spanish,danceability,0.6043099999999999,1000
spanish,energy,0.707777,1000
spanish,tempo,122.832437,1000
spanish,valence,0.5484960999999999,1000
study,danceability,0.68524,1000
study,energy,0.41065809999999997,1000
study,tempo,111.763835,1000
study,valence,0.4027009,1000
swedish,danceability,0.590413,1000
swedish,energy,0.6220025,1000
swedish,tempo,121.094523,1000
swedish,valence,0.5329407,1000
synth-pop,danceability,0.620663,1000
synth-pop,energy,0.7131349,1000
synth-pop,tempo,122.85003200000001,1000
synth-pop,valence,0.5863771000000001,1000
tango,danceability,0.537862,1000
tango,energy,0.372828,1000
tango,tempo,114.55432,1000
tango,valence,0.5835295,1000
techno,danceability,0.684348,1000
techno,energy,0.746413,1000
techno,tempo,128.255482,1000
techno,valence,0.3218783,1000
trance,danceability,0.583409,1000
trance,energy,0.845272,1000
trance,tempo,133.276726,1000
trance,valence,0.27688080000000004,1000
trip-hop,danceability,0.634695,1000
trip-hop,energy,0.6223630000000001,1000
trip-hop,tempo,118.74361599999999,1000
trip-hop,valence,0.4780688,1000
turkish,danceability,0.616077,1000
turkish,energy,0.6098036,1000
turkish,tempo,120.367607,1000
turkish,valence,0.4623137,1000
world-music,danceability,0.414572,1000
world-music,energy,0.5329867402999999,1000
world-music,tempo,121.393711,1000
world-music,valence,0.25029526,1000
